pokemon_id,ability_id,is_hidden,slot
1,65,False,1
1,34,True,3
2,65,False,1
2,34,True,3
3,65,False,1
3,34,True,3
4,66,False,1
4,94,True,3
5,66,False,1
5,94,True,3
6,66,False,1
6,94,True,3
7,67,False,1
7,44,True,3
8,67,False,1
8,44,True,3
9,67,False,1
9,44,True,3
10,19,False,1
10,50,True,3
11,61,False,1
12,14,False,1
12,110,True,3
13,19,False,1
13,50,True,3
14,61,False,1
15,68,False,1
15,97,True,3
16,51,False,1
16,77,False,2
16,145,True,3
17,51,False,1
17,77,False,2
17,145,True,3
18,51,False,1
18,77,False,2
18,145,True,3
19,50,False,1
19,62,False,2
19,55,True,3
20,50,False,1
20,62,False,2
20,55,True,3
21,51,False,1
21,97,True,3
22,51,False,1
22,97,True,3
23,22,False,1
23,61,False,2
23,127,True,3
24,22,False,1
24,61,False,2
24,127,True,3
25,9,False,1
25,31,True,3
26,9,False,1
26,31,True,3
27,8,False,1
27,146,True,3
28,8,False,1
28,146,True,3
29,38,False,1
29,79,False,2
29,55,True,3
30,38,False,1
30,79,False,2
30,55,True,3
31,38,False,1
31,79,False,2
31,125,True,3
32,38,False,1
32,79,False,2
32,55,True,3
33,38,False,1
33,79,False,2
33,55,True,3
34,38,False,1
34,79,False,2
34,125,True,3
35,56,False,1
35,98,False,2
35,132,True,3
36,56,False,1
36,98,False,2
36,109,True,3
37,18,False,1
37,70,True,3
38,18,False,1
38,70,True,3
39,56,False,1
39,172,False,2
39,132,True,3
40,56,False,1
40,172,False,2
40,119,True,3
41,39,False,1
41,151,True,3
42,39,False,1
42,151,True,3
43,34,False,1
43,50,True,3
44,34,False,1
44,1,True,3
45,34,False,1
45,27,True,3
46,27,False,1
46,87,False,2
46,6,True,3
47,27,False,1
47,87,False,2
47,6,True,3
48,14,False,1
48,110,False,2
48,50,True,3
49,19,False,1
49,110,False,2
49,147,True,3
50,8,False,1
50,71,False,2
50,159,True,3
51,8,False,1
51,71,False,2
51,159,True,3
52,53,False,1
52,101,False,2
52,127,True,3
53,7,False,1
53,101,False,2
53,127,True,3
54,6,False,1
54,13,False,2
54,33,True,3
55,6,False,1
55,13,False,2
55,33,True,3
56,72,False,1
56,83,False,2
56,128,True,3
57,72,False,1
57,83,False,2
57,128,True,3
58,22,False,1
58,18,False,2
58,154,True,3
59,22,False,1
59,18,False,2
59,154,True,3
60,11,False,1
60,6,False,2
60,33,True,3
61,11,False,1
61,6,False,2
61,33,True,3
62,11,False,1
62,6,False,2
62,33,True,3
63,28,False,1
63,39,False,2
63,98,True,3
64,28,False,1
64,39,False,2
64,98,True,3
65,28,False,1
65,39,False,2
65,98,True,3
66,62,False,1
66,99,False,2
66,80,True,3
67,62,False,1
67,99,False,2
67,80,True,3
68,62,False,1
68,99,False,2
68,80,True,3
69,34,False,1
69,82,True,3
70,34,False,1
70,82,True,3
71,34,False,1
71,82,True,3
72,29,False,1
72,64,False,2
72,44,True,3
73,29,False,1
73,64,False,2
73,44,True,3
74,69,False,1
74,5,False,2
74,8,True,3
75,69,False,1
75,5,False,2
75,8,True,3
76,69,False,1
76,5,False,2
76,8,True,3
77,50,False,1
77,18,False,2
77,49,True,3
78,50,False,1
78,18,False,2
78,49,True,3
79,12,False,1
79,20,False,2
79,144,True,3
80,12,False,1
80,20,False,2
80,144,True,3
81,42,False,1
81,5,False,2
81,148,True,3
82,42,False,1
82,5,False,2
82,148,True,3
83,51,False,1
83,39,False,2
83,128,True,3
84,50,False,1
84,48,False,2
84,77,True,3
85,50,False,1
85,48,False,2
85,77,True,3
86,47,False,1
86,93,False,2
86,115,True,3
87,47,False,1
87,93,False,2
87,115,True,3
88,1,False,1
88,60,False,2
88,143,True,3
89,1,False,1
89,60,False,2
89,143,True,3
90,75,False,1
90,92,False,2
90,142,True,3
91,75,False,1
91,92,False,2
91,142,True,3
92,26,False,1
93,26,False,1
94,130,False,1
95,69,False,1
95,5,False,2
95,133,True,3
96,15,False,1
96,108,False,2
96,39,True,3
97,15,False,1
97,108,False,2
97,39,True,3
98,52,False,1
98,75,False,2
98,125,True,3
99,52,False,1
99,75,False,2
99,125,True,3
100,43,False,1
100,9,False,2
100,106,True,3
101,43,False,1
101,9,False,2
101,106,True,3
102,34,False,1
102,139,True,3
103,34,False,1
103,139,True,3
104,69,False,1
104,31,False,2
104,4,True,3
105,69,False,1
105,31,False,2
105,4,True,3
106,7,False,1
106,120,False,2
106,84,True,3
107,51,False,1
107,89,False,2
107,39,True,3
108,20,False,1
108,12,False,2
108,13,True,3
109,26,False,1
109,256,False,2
109,1,True,3
110,26,False,1
110,256,False,2
110,1,True,3
111,31,False,1
111,69,False,2
111,120,True,3
112,31,False,1
112,69,False,2
112,120,True,3
113,30,False,1
113,32,False,2
113,131,True,3
114,34,False,1
114,102,False,2
114,144,True,3
115,48,False,1
115,113,False,2
115,39,True,3
116,33,False,1
116,97,False,2
116,6,True,3
117,38,False,1
117,97,False,2
117,6,True,3
118,33,False,1
118,41,False,2
118,31,True,3
119,33,False,1
119,41,False,2
119,31,True,3
120,35,False,1
120,30,False,2
120,148,True,3
121,35,False,1
121,30,False,2
121,148,True,3
122,43,False,1
122,111,False,2
122,101,True,3
123,68,False,1
123,101,False,2
123,80,True,3
124,12,False,1
124,108,False,2
124,87,True,3
125,9,False,1
125,72,True,3
126,49,False,1
126,72,True,3
127,52,False,1
127,104,False,2
127,153,True,3
128,22,False,1
128,83,False,2
128,125,True,3
129,33,False,1
129,155,True,3
130,22,False,1
130,153,True,3
131,11,False,1
131,75,False,2
131,93,True,3
132,7,False,1
132,150,True,3
133,50,False,1
133,91,False,2
133,107,True,3
134,11,False,1
134,93,True,3
135,10,False,1
135,95,True,3
136,18,False,1
136,62,True,3
137,36,False,1
137,88,False,2
137,148,True,3
138,33,False,1
138,75,False,2
138,133,True,3
139,33,False,1
139,75,False,2
139,133,True,3
140,33,False,1
140,4,False,2
140,133,True,3
141,33,False,1
141,4,False,2
141,133,True,3
142,69,False,1
142,46,False,2
142,127,True,3
143,17,False,1
143,47,False,2
143,82,True,3
144,46,False,1
144,81,True,3
145,46,False,1
145,9,True,3
146,46,False,1
146,49,True,3
147,61,False,1
147,63,True,3
148,61,False,1
148,63,True,3
149,39,False,1
149,136,True,3
150,46,False,1
150,127,True,3
151,28,False,1
152,65,False,1
152,102,True,3
153,65,False,1
153,102,True,3
154,65,False,1
154,102,True,3
155,66,False,1
155,18,True,3
156,66,False,1
156,18,True,3
157,66,False,1
157,18,True,3
158,67,False,1
158,125,True,3
159,67,False,1
159,125,True,3
160,67,False,1
160,125,True,3
161,50,False,1
161,51,False,2
161,119,True,3
162,50,False,1
162,51,False,2
162,119,True,3
163,15,False,1
163,51,False,2
163,110,True,3
164,15,False,1
164,51,False,2
164,110,True,3
165,68,False,1
165,48,False,2
165,155,True,3
166,68,False,1
166,48,False,2
166,89,True,3
167,68,False,1
167,15,False,2
167,97,True,3
168,68,False,1
168,15,False,2
168,97,True,3
169,39,False,1
169,151,True,3
170,10,False,1
170,35,False,2
170,11,True,3
171,10,False,1
171,35,False,2
171,11,True,3
172,9,False,1
172,31,True,3
173,56,False,1
173,98,False,2
173,132,True,3
174,56,False,1
174,172,False,2
174,132,True,3
175,55,False,1
175,32,False,2
175,105,True,3
176,55,False,1
176,32,False,2
176,105,True,3
177,28,False,1
177,48,False,2
177,156,True,3
178,28,False,1
178,48,False,2
178,156,True,3
179,9,False,1
179,57,True,3
180,9,False,1
180,57,True,3
181,9,False,1
181,57,True,3
182,34,False,1
182,131,True,3
183,47,False,1
183,37,False,2
183,157,True,3
184,47,False,1
184,37,False,2
184,157,True,3
185,5,False,1
185,69,False,2
185,155,True,3
186,11,False,1
186,6,False,2
186,2,True,3
187,34,False,1
187,102,False,2
187,151,True,3
188,34,False,1
188,102,False,2
188,151,True,3
189,34,False,1
189,102,False,2
189,151,True,3
190,50,False,1
190,53,False,2
190,92,True,3
191,34,False,1
191,94,False,2
191,48,True,3
192,34,False,1
192,94,False,2
192,48,True,3
193,3,False,1
193,14,False,2
193,119,True,3
194,6,False,1
194,11,False,2
194,109,True,3
195,6,False,1
195,11,False,2
195,109,True,3
196,28,False,1
196,156,True,3
197,28,False,1
197,39,True,3
198,15,False,1
198,105,False,2
198,158,True,3
199,12,False,1
199,20,False,2
199,144,True,3
200,26,False,1
201,26,False,1
202,23,False,1
202,140,True,3
203,39,False,1
203,48,False,2
203,157,True,3
204,5,False,1
204,142,True,3
205,5,False,1
205,142,True,3
206,32,False,1
206,50,False,2
206,155,True,3
207,52,False,1
207,8,False,2
207,17,True,3
208,69,False,1
208,5,False,2
208,125,True,3
209,22,False,1
209,50,False,2
209,155,True,3
210,22,False,1
210,95,False,2
210,155,True,3
211,38,False,1
211,33,False,2
211,22,True,3
212,68,False,1
212,101,False,2
212,135,True,3
213,5,False,1
213,82,False,2
213,126,True,3
214,68,False,1
214,62,False,2
214,153,True,3
215,39,False,1
215,51,False,2
215,124,True,3
216,53,False,1
216,95,False,2
216,118,True,3
217,62,False,1
217,95,False,2
217,127,True,3
218,40,False,1
218,49,False,2
218,133,True,3
219,40,False,1
219,49,False,2
219,133,True,3
220,12,False,1
220,81,False,2
220,47,True,3
221,12,False,1
221,81,False,2
221,47,True,3
222,55,False,1
222,30,False,2
222,144,True,3
223,55,False,1
223,97,False,2
223,141,True,3
224,21,False,1
224,97,False,2
224,141,True,3
225,72,False,1
225,55,False,2
225,15,True,3
226,33,False,1
226,11,False,2
226,41,True,3
227,51,False,1
227,5,False,2
227,133,True,3
228,48,False,1
228,18,False,2
228,127,True,3
229,48,False,1
229,18,False,2
229,127,True,3
230,33,False,1
230,97,False,2
230,6,True,3
231,53,False,1
231,8,True,3
232,5,False,1
232,8,True,3
233,36,False,1
233,88,False,2
233,148,True,3
234,22,False,1
234,119,False,2
234,157,True,3
235,20,False,1
235,101,False,2
235,141,True,3
236,62,False,1
236,80,False,2
236,72,True,3
237,22,False,1
237,101,False,2
237,80,True,3
238,12,False,1
238,108,False,2
238,93,True,3
239,9,False,1
239,72,True,3
240,49,False,1
240,72,True,3
241,47,False,1
241,113,False,2
241,157,True,3
242,30,False,1
242,32,False,2
242,131,True,3
243,46,False,1
243,39,True,3
244,46,False,1
244,39,True,3
245,46,False,1
245,39,True,3
246,62,False,1
246,8,True,3
247,61,False,1
248,45,False,1
248,127,True,3
249,46,False,1
249,136,True,3
250,46,False,1
250,144,True,3
251,30,False,1
252,65,False,1
252,84,True,3
253,65,False,1
253,84,True,3
254,65,False,1
254,84,True,3
255,66,False,1
255,3,True,3
256,66,False,1
256,3,True,3
257,66,False,1
257,3,True,3
258,67,False,1
258,6,True,3
259,67,False,1
259,6,True,3
260,67,False,1
260,6,True,3
261,50,False,1
261,95,False,2
261,155,True,3
262,22,False,1
262,95,False,2
262,153,True,3
263,53,False,1
263,82,False,2
263,95,True,3
264,53,False,1
264,82,False,2
264,95,True,3
265,19,False,1
265,50,True,3
266,61,False,1
267,68,False,1
267,79,True,3
268,61,False,1
269,19,False,1
269,14,True,3
270,33,False,1
270,44,False,2
270,20,True,3
271,33,False,1
271,44,False,2
271,20,True,3
272,33,False,1
272,44,False,2
272,20,True,3
273,34,False,1
273,48,False,2
273,124,True,3
274,34,False,1
274,48,False,2
274,124,True,3
275,34,False,1
275,48,False,2
275,124,True,3
276,62,False,1
276,113,True,3
277,62,False,1
277,113,True,3
278,51,False,1
278,93,False,2
278,44,True,3
279,51,False,1
279,2,False,2
279,44,True,3
280,28,False,1
280,36,False,2
280,140,True,3
281,28,False,1
281,36,False,2
281,140,True,3
282,28,False,1
282,36,False,2
282,140,True,3
283,33,False,1
283,44,True,3
284,22,False,1
284,127,True,3
285,27,False,1
285,90,False,2
285,95,True,3
286,27,False,1
286,90,False,2
286,101,True,3
287,54,False,1
288,72,False,1
289,54,False,1
290,14,False,1
290,50,True,3
291,3,False,1
291,151,True,3
292,25,False,1
293,43,False,1
293,155,True,3
294,43,False,1
294,113,True,3
295,43,False,1
295,113,True,3
296,47,False,1
296,62,False,2
296,125,True,3
297,47,False,1
297,62,False,2
297,125,True,3
298,47,False,1
298,37,False,2
298,157,True,3
299,5,False,1
299,42,False,2
299,159,True,3
300,56,False,1
300,96,False,2
300,147,True,3
301,56,False,1
301,96,False,2
301,147,True,3
302,51,False,1
302,100,False,2
302,158,True,3
303,52,False,1
303,22,False,2
303,125,True,3
304,5,False,1
304,69,False,2
304,134,True,3
305,5,False,1
305,69,False,2
305,134,True,3
306,5,False,1
306,69,False,2
306,134,True,3
307,74,False,1
307,140,True,3
308,74,False,1
308,140,True,3
309,9,False,1
309,31,False,2
309,58,True,3
310,9,False,1
310,31,False,2
310,58,True,3
311,57,False,1
311,31,True,3
312,58,False,1
312,10,True,3
313,35,False,1
313,68,False,2
313,158,True,3
314,12,False,1
314,110,False,2
314,158,True,3
315,30,False,1
315,38,False,2
315,102,True,3
316,64,False,1
316,60,False,2
316,82,True,3
317,64,False,1
317,60,False,2
317,82,True,3
318,24,False,1
318,3,True,3
319,24,False,1
319,3,True,3
320,41,False,1
320,12,False,2
320,46,True,3
321,41,False,1
321,12,False,2
321,46,True,3
322,12,False,1
322,86,False,2
322,20,True,3
323,40,False,1
323,116,False,2
323,83,True,3
324,73,False,1
324,70,False,2
324,75,True,3
325,47,False,1
325,20,False,2
325,82,True,3
326,47,False,1
326,20,False,2
326,82,True,3
327,20,False,1
327,77,False,2
327,126,True,3
328,52,False,1
328,71,False,2
328,125,True,3
329,26,False,1
330,26,False,1
331,8,False,1
331,11,True,3
332,8,False,1
332,11,True,3
333,30,False,1
333,13,True,3
334,30,False,1
334,13,True,3
335,17,False,1
335,137,True,3
336,61,False,1
336,151,True,3
337,26,False,1
338,26,False,1
339,12,False,1
339,107,False,2
339,93,True,3
340,12,False,1
340,107,False,2
340,93,True,3
341,52,False,1
341,75,False,2
341,91,True,3
342,52,False,1
342,75,False,2
342,91,True,3
343,26,False,1
344,26,False,1
345,21,False,1
345,114,True,3
346,21,False,1
346,114,True,3
347,4,False,1
347,33,True,3
348,4,False,1
348,33,True,3
349,33,False,1
349,12,False,2
349,91,True,3
350,63,False,1
350,172,False,2
350,56,True,3
351,59,False,1
352,16,False,1
352,168,True,3
353,15,False,1
353,119,False,2
353,130,True,3
354,15,False,1
354,119,False,2
354,130,True,3
355,26,False,1
355,119,True,3
356,46,False,1
356,119,True,3
357,34,False,1
357,94,False,2
357,139,True,3
358,26,False,1
359,46,False,1
359,105,False,2
359,154,True,3
360,23,False,1
360,140,True,3
361,39,False,1
361,115,False,2
361,141,True,3
362,39,False,1
362,115,False,2
362,141,True,3
363,47,False,1
363,115,False,2
363,12,True,3
364,47,False,1
364,115,False,2
364,12,True,3
365,47,False,1
365,115,False,2
365,12,True,3
366,75,False,1
366,155,True,3
367,33,False,1
367,41,True,3
368,33,False,1
368,93,True,3
369,33,False,1
369,69,False,2
369,5,True,3
370,33,False,1
370,93,True,3
371,69,False,1
371,125,True,3
372,69,False,1
372,142,True,3
373,22,False,1
373,153,True,3
374,29,False,1
374,135,True,3
375,29,False,1
375,135,True,3
376,29,False,1
376,135,True,3
377,29,False,1
377,5,True,3
378,29,False,1
378,115,True,3
379,29,False,1
379,135,True,3
380,26,False,1
381,26,False,1
382,2,False,1
383,70,False,1
384,76,False,1
385,32,False,1
386,46,False,1
387,65,False,1
387,75,True,3
388,65,False,1
388,75,True,3
389,65,False,1
389,75,True,3
390,66,False,1
390,89,True,3
391,66,False,1
391,89,True,3
392,66,False,1
392,89,True,3
393,67,False,1
393,128,True,3
394,67,False,1
394,128,True,3
395,67,False,1
395,128,True,3
396,51,False,1
396,120,True,3
397,22,False,1
397,120,True,3
398,22,False,1
398,120,True,3
399,86,False,1
399,109,False,2
399,141,True,3
400,86,False,1
400,109,False,2
400,141,True,3
401,61,False,1
401,50,True,3
402,68,False,1
402,101,True,3
403,79,False,1
403,22,False,2
403,62,True,3
404,79,False,1
404,22,False,2
404,62,True,3
405,79,False,1
405,22,False,2
405,62,True,3
406,30,False,1
406,38,False,2
406,102,True,3
407,30,False,1
407,38,False,2
407,101,True,3
408,104,False,1
408,125,True,3
409,104,False,1
409,125,True,3
410,5,False,1
410,43,True,3
411,5,False,1
411,43,True,3
412,61,False,1
412,142,True,3
413,107,False,1
413,142,True,3
414,68,False,1
414,110,True,3
415,118,False,1
415,55,True,3
416,46,False,1
416,127,True,3
417,50,False,1
417,53,False,2
417,10,True,3
418,33,False,1
418,41,True,3
419,33,False,1
419,41,True,3
420,34,False,1
421,122,False,1
422,60,False,1
422,114,False,2
422,159,True,3
423,60,False,1
423,114,False,2
423,159,True,3
424,101,False,1
424,53,False,2
424,92,True,3
425,106,False,1
425,84,False,2
425,138,True,3
426,106,False,1
426,84,False,2
426,138,True,3
427,50,False,1
427,103,False,2
427,7,True,3
428,56,False,1
428,103,False,2
428,7,True,3
429,26,False,1
430,15,False,1
430,105,False,2
430,153,True,3
431,7,False,1
431,20,False,2
431,51,True,3
432,47,False,1
432,20,False,2
432,128,True,3
433,26,False,1
434,1,False,1
434,106,False,2
434,51,True,3
435,1,False,1
435,106,False,2
435,51,True,3
436,26,False,1
436,85,False,2
436,134,True,3
437,26,False,1
437,85,False,2
437,134,True,3
438,5,False,1
438,69,False,2
438,155,True,3
439,43,False,1
439,111,False,2
439,101,True,3
440,30,False,1
440,32,False,2
440,132,True,3
441,51,False,1
441,77,False,2
441,145,True,3
442,46,False,1
442,151,True,3
443,8,False,1
443,24,True,3
444,8,False,1
444,24,True,3
445,8,False,1
445,24,True,3
446,53,False,1
446,47,False,2
446,82,True,3
447,80,False,1
447,39,False,2
447,158,True,3
448,80,False,1
448,39,False,2
448,154,True,3
449,45,False,1
449,159,True,3
450,45,False,1
450,159,True,3
451,4,False,1
451,97,False,2
451,51,True,3
452,4,False,1
452,97,False,2
452,51,True,3
453,107,False,1
453,87,False,2
453,143,True,3
454,107,False,1
454,87,False,2
454,143,True,3
455,26,False,1
456,33,False,1
456,114,False,2
456,41,True,3
457,33,False,1
457,114,False,2
457,41,True,3
458,33,False,1
458,11,False,2
458,41,True,3
459,117,False,1
459,43,True,3
460,117,False,1
460,43,True,3
461,46,False,1
461,124,True,3
462,42,False,1
462,5,False,2
462,148,True,3
463,20,False,1
463,12,False,2
463,13,True,3
464,31,False,1
464,116,False,2
464,120,True,3
465,34,False,1
465,102,False,2
465,144,True,3
466,78,False,1
466,72,True,3
467,49,False,1
467,72,True,3
468,55,False,1
468,32,False,2
468,105,True,3
469,3,False,1
469,110,False,2
469,119,True,3
470,102,False,1
470,34,True,3
471,81,False,1
471,115,True,3
472,52,False,1
472,8,False,2
472,90,True,3
473,12,False,1
473,81,False,2
473,47,True,3
474,91,False,1
474,88,False,2
474,148,True,3
475,80,False,1
475,292,False,2
475,154,True,3
476,5,False,1
476,42,False,2
476,159,True,3
477,46,False,1
477,119,True,3
478,81,False,1
478,130,True,3
479,26,False,1
480,26,False,1
481,26,False,1
482,26,False,1
483,46,False,1
483,140,True,3
484,46,False,1
484,140,True,3
485,18,False,1
485,49,True,3
486,112,False,1
487,46,False,1
487,140,True,3
488,26,False,1
489,93,False,1
490,93,False,1
491,123,False,1
492,30,False,1
493,121,False,1
494,162,False,1
495,65,False,1
495,126,True,3
496,65,False,1
496,126,True,3
497,65,False,1
497,126,True,3
498,66,False,1
498,47,True,3
499,66,False,1
499,47,True,3
500,66,False,1
500,120,True,3
501,67,False,1
501,75,True,3
502,67,False,1
502,75,True,3
503,67,False,1
503,75,True,3
504,50,False,1
504,51,False,2
504,148,True,3
505,35,False,1
505,51,False,2
505,148,True,3
506,72,False,1
506,53,False,2
506,50,True,3
507,22,False,1
507,146,False,2
507,113,True,3
508,22,False,1
508,146,False,2
508,113,True,3
509,7,False,1
509,84,False,2
509,158,True,3
510,7,False,1
510,84,False,2
510,158,True,3
511,82,False,1
511,65,True,3
512,82,False,1
512,65,True,3
513,82,False,1
513,66,True,3
514,82,False,1
514,66,True,3
515,82,False,1
515,67,True,3
516,82,False,1
516,67,True,3
517,108,False,1
517,28,False,2
517,140,True,3
518,108,False,1
518,28,False,2
518,140,True,3
519,145,False,1
519,105,False,2
519,79,True,3
520,145,False,1
520,105,False,2
520,79,True,3
521,145,False,1
521,105,False,2
521,79,True,3
522,31,False,1
522,78,False,2
522,157,True,3
523,31,False,1
523,78,False,2
523,157,True,3
524,5,False,1
524,133,False,2
524,159,True,3
525,5,False,1
525,133,False,2
525,159,True,3
526,5,False,1
526,45,False,2
526,159,True,3
527,109,False,1
527,103,False,2
527,86,True,3
528,109,False,1
528,103,False,2
528,86,True,3
529,146,False,1
529,159,False,2
529,104,True,3
530,146,False,1
530,159,False,2
530,104,True,3
531,131,False,1
531,144,False,2
531,103,True,3
532,62,False,1
532,125,False,2
532,89,True,3
533,62,False,1
533,125,False,2
533,89,True,3
534,62,False,1
534,125,False,2
534,89,True,3
535,33,False,1
535,93,False,2
535,11,True,3
536,33,False,1
536,93,False,2
536,11,True,3
537,33,False,1
537,143,False,2
537,11,True,3
538,62,False,1
538,39,False,2
538,104,True,3
539,5,False,1
539,39,False,2
539,104,True,3
540,68,False,1
540,34,False,2
540,142,True,3
541,102,False,1
541,34,False,2
541,142,True,3
542,68,False,1
542,34,False,2
542,142,True,3
543,38,False,1
543,68,False,2
543,3,True,3
544,38,False,1
544,68,False,2
544,3,True,3
545,38,False,1
545,68,False,2
545,3,True,3
546,158,False,1
546,151,False,2
546,34,True,3
547,158,False,1
547,151,False,2
547,34,True,3
548,34,False,1
548,20,False,2
548,102,True,3
549,34,False,1
549,20,False,2
549,102,True,3
550,120,False,1
550,91,False,2
550,104,True,3
551,22,False,1
551,153,False,2
551,83,True,3
552,22,False,1
552,153,False,2
552,83,True,3
553,22,False,1
553,153,False,2
553,83,True,3
554,55,False,1
554,39,True,3
555,125,False,1
555,161,True,3
556,11,False,1
556,34,False,2
556,114,True,3
557,5,False,1
557,75,False,2
557,133,True,3
558,5,False,1
558,75,False,2
558,133,True,3
559,61,False,1
559,153,False,2
559,22,True,3
560,61,False,1
560,153,False,2
560,22,True,3
561,147,False,1
561,98,False,2
561,110,True,3
562,152,False,1
563,152,False,1
564,116,False,1
564,5,False,2
564,33,True,3
565,116,False,1
565,5,False,2
565,33,True,3
566,129,False,1
567,129,False,1
568,1,False,1
568,60,False,2
568,106,True,3
569,1,False,1
569,133,False,2
569,106,True,3
570,149,False,1
571,149,False,1
572,56,False,1
572,101,False,2
572,92,True,3
573,56,False,1
573,101,False,2
573,92,True,3
574,119,False,1
574,172,False,2
574,23,True,3
575,119,False,1
575,172,False,2
575,23,True,3
576,119,False,1
576,172,False,2
576,23,True,3
577,142,False,1
577,98,False,2
577,144,True,3
578,142,False,1
578,98,False,2
578,144,True,3
579,142,False,1
579,98,False,2
579,144,True,3
580,51,False,1
580,145,False,2
580,93,True,3
581,51,False,1
581,145,False,2
581,93,True,3
582,115,False,1
582,81,False,2
582,133,True,3
583,115,False,1
583,81,False,2
583,133,True,3
584,115,False,1
584,117,False,2
584,133,True,3
585,34,False,1
585,157,False,2
585,32,True,3
586,34,False,1
586,157,False,2
586,32,True,3
587,9,False,1
587,78,True,3
588,68,False,1
588,61,False,2
588,99,True,3
589,68,False,1
589,75,False,2
589,142,True,3
590,27,False,1
590,144,True,3
591,27,False,1
591,144,True,3
592,11,False,1
592,130,False,2
592,6,True,3
593,11,False,1
593,130,False,2
593,6,True,3
594,131,False,1
594,93,False,2
594,144,True,3
595,14,False,1
595,127,False,2
595,68,True,3
596,14,False,1
596,127,False,2
596,68,True,3
597,160,False,1
598,160,False,1
598,107,True,3
599,57,False,1
599,58,False,2
599,29,True,3
600,57,False,1
600,58,False,2
600,29,True,3
601,57,False,1
601,58,False,2
601,29,True,3
602,26,False,1
603,26,False,1
604,26,False,1
605,140,False,1
605,28,False,2
605,148,True,3
606,140,False,1
606,28,False,2
606,148,True,3
607,18,False,1
607,49,False,2
607,151,True,3
608,18,False,1
608,49,False,2
608,151,True,3
609,18,False,1
609,49,False,2
609,151,True,3
610,79,False,1
610,104,False,2
610,127,True,3
611,79,False,1
611,104,False,2
611,127,True,3
612,79,False,1
612,104,False,2
612,127,True,3
613,81,False,1
613,202,False,2
613,155,True,3
614,81,False,1
614,202,False,2
614,33,True,3
615,26,False,1
616,93,False,1
616,75,False,2
616,142,True,3
617,93,False,1
617,60,False,2
617,84,True,3
618,9,False,1
618,7,False,2
618,8,True,3
619,39,False,1
619,144,False,2
619,120,True,3
620,39,False,1
620,144,False,2
620,120,True,3
621,24,False,1
621,125,False,2
621,104,True,3
622,89,False,1
622,103,False,2
622,99,True,3
623,89,False,1
623,103,False,2
623,99,True,3
624,128,False,1
624,39,False,2
624,46,True,3
625,128,False,1
625,39,False,2
625,46,True,3
626,120,False,1
626,157,False,2
626,43,True,3
627,51,False,1
627,125,False,2
627,55,True,3
628,51,False,1
628,125,False,2
628,128,True,3
629,145,False,1
629,142,False,2
629,133,True,3
630,145,False,1
630,142,False,2
630,133,True,3
631,82,False,1
631,18,False,2
631,73,True,3
632,68,False,1
632,55,False,2
632,54,True,3
633,55,False,1
634,55,False,1
635,26,False,1
636,49,False,1
636,68,True,3
637,49,False,1
637,68,True,3
638,154,False,1
639,154,False,1
640,154,False,1
641,158,False,1
641,128,True,3
642,158,False,1
642,128,True,3
643,163,False,1
644,164,False,1
645,159,False,1
645,125,True,3
646,46,False,1
647,154,False,1
648,32,False,1
649,88,False,1
650,65,False,1
650,171,True,3
651,65,False,1
651,171,True,3
652,65,False,1
652,171,True,3
653,66,False,1
653,170,True,3
654,66,False,1
654,170,True,3
655,66,False,1
655,170,True,3
656,67,False,1
656,168,True,3
657,67,False,1
657,168,True,3
658,67,False,1
658,168,True,3
659,53,False,1
659,167,False,2
659,37,True,3
660,53,False,1
660,167,False,2
660,37,True,3
661,145,False,1
661,177,True,3
662,49,False,1
662,177,True,3
663,49,False,1
663,177,True,3
664,19,False,1
664,14,False,2
664,132,True,3
665,61,False,1
665,132,True,3
666,19,False,1
666,14,False,2
666,132,True,3
667,79,False,1
667,127,False,2
667,153,True,3
668,79,False,1
668,127,False,2
668,153,True,3
669,166,False,1
669,180,True,3
670,166,False,1
670,180,True,3
671,166,False,1
671,180,True,3
672,157,False,1
672,179,True,3
673,157,False,1
673,179,True,3
674,89,False,1
674,104,False,2
674,113,True,3
675,89,False,1
675,104,False,2
675,113,True,3
676,169,False,1
677,51,False,1
677,151,False,2
677,20,True,3
678,51,False,1
678,151,False,2
678,158,True,3
679,99,False,1
680,99,False,1
681,176,False,1
682,131,False,1
682,165,True,3
683,131,False,1
683,165,True,3
684,175,False,1
684,84,True,3
685,175,False,1
685,84,True,3
686,126,False,1
686,21,False,2
686,151,True,3
687,126,False,1
687,21,False,2
687,151,True,3
688,181,False,1
688,97,False,2
688,124,True,3
689,181,False,1
689,97,False,2
689,124,True,3
690,38,False,1
690,143,False,2
690,91,True,3
691,38,False,1
691,143,False,2
691,91,True,3
692,178,False,1
693,178,False,1
694,87,False,1
694,8,False,2
694,94,True,3
695,87,False,1
695,8,False,2
695,94,True,3
696,173,False,1
696,5,True,3
697,173,False,1
697,69,True,3
698,174,False,1
698,117,True,3
699,174,False,1
699,117,True,3
700,56,False,1
700,182,True,3
701,7,False,1
701,84,False,2
701,104,True,3
702,167,False,1
702,53,False,2
702,57,True,3
703,29,False,1
703,5,True,3
704,157,False,1
704,93,False,2
704,183,True,3
705,157,False,1
705,93,False,2
705,183,True,3
706,157,False,1
706,93,False,2
706,183,True,3
707,158,False,1
707,170,True,3
708,30,False,1
708,119,False,2
708,139,True,3
709,30,False,1
709,119,False,2
709,139,True,3
710,53,False,1
710,119,False,2
710,15,True,3
711,53,False,1
711,119,False,2
711,15,True,3
712,20,False,1
712,115,False,2
712,5,True,3
713,20,False,1
713,115,False,2
713,5,True,3
714,119,False,1
714,151,False,2
714,140,True,3
715,119,False,1
715,151,False,2
715,140,True,3
716,187,False,1
717,186,False,1
718,188,False,1
719,29,False,1
720,170,False,1
721,11,False,1
722,65,False,1
722,203,True,3
723,65,False,1
723,203,True,3
724,65,False,1
724,203,True,3
725,66,False,1
725,22,True,3
726,66,False,1
726,22,True,3
727,66,False,1
727,22,True,3
728,67,False,1
728,204,True,3
729,67,False,1
729,204,True,3
730,67,False,1
730,204,True,3
731,51,False,1
731,92,False,2
731,53,True,3
732,51,False,1
732,92,False,2
732,53,True,3
733,51,False,1
733,92,False,2
733,125,True,3
734,198,False,1
734,173,False,2
734,91,True,3
735,198,False,1
735,173,False,2
735,91,True,3
736,68,False,1
737,217,False,1
738,26,False,1
739,52,False,1
739,89,False,2
739,83,True,3
740,52,False,1
740,89,False,2
740,83,True,3
741,216,False,1
742,118,False,1
742,19,False,2
742,175,True,3
743,118,False,1
743,19,False,2
743,175,True,3
744,51,False,1
744,72,False,2
744,80,True,3
745,51,False,1
745,146,False,2
745,80,True,3
746,208,False,1
747,196,False,1
747,7,False,2
747,144,True,3
748,196,False,1
748,7,False,2
748,144,True,3
749,20,False,1
749,192,False,2
749,39,True,3
750,20,False,1
750,192,False,2
750,39,True,3
751,199,False,1
751,11,True,3
752,199,False,1
752,11,True,3
753,102,False,1
753,126,True,3
754,102,False,1
754,126,True,3
755,35,False,1
755,27,False,2
755,44,True,3
756,35,False,1
756,27,False,2
756,44,True,3
757,212,False,1
757,12,True,3
758,212,False,1
758,12,True,3
759,218,False,1
759,103,False,2
759,56,True,3
760,218,False,1
760,103,False,2
760,127,True,3
761,102,False,1
761,12,False,2
761,175,True,3
762,102,False,1
762,12,False,2
762,175,True,3
763,102,False,1
763,214,False,2
763,175,True,3
764,166,False,1
764,205,False,2
764,30,True,3
765,39,False,1
765,140,False,2
765,180,True,3
766,222,False,1
766,128,True,3
767,193,False,1
768,194,False,1
769,195,False,1
769,8,True,3
770,195,False,1
770,8,True,3
771,215,False,1
771,109,True,3
772,4,False,1
773,225,False,1
774,197,False,1
775,213,False,1
776,75,False,1
777,160,False,1
777,31,False,2
777,5,True,3
778,209,False,1
779,219,False,1
779,173,False,2
779,147,True,3
780,201,False,1
780,157,False,2
780,13,True,3
781,200,False,1
782,171,False,1
782,43,False,2
782,142,True,3
783,171,False,1
783,43,False,2
783,142,True,3
784,171,False,1
784,43,False,2
784,142,True,3
785,226,False,1
785,140,True,3
786,227,False,1
786,140,True,3
787,229,False,1
787,140,True,3
788,228,False,1
788,140,True,3
789,109,False,1
790,5,False,1
791,230,False,1
792,231,False,1
793,224,False,1
794,224,False,1
795,224,False,1
796,224,False,1
797,224,False,1
798,224,False,1
799,224,False,1
800,232,False,1
801,220,False,1
802,101,False,1
803,224,False,1
804,224,False,1
805,224,False,1
806,224,False,1
807,10,False,1
808,42,False,1
809,89,False,1
810,65,False,1
810,229,True,3
811,65,False,1
811,229,True,3
812,65,False,1
812,229,True,3
813,66,False,1
813,236,True,3
814,66,False,1
814,236,True,3
815,66,False,1
815,236,True,3
816,67,False,1
816,97,True,3
817,67,False,1
817,97,True,3
818,67,False,1
818,97,True,3
819,167,False,1
819,82,True,3
820,167,False,1
820,82,True,3
821,51,False,1
821,127,False,2
821,145,True,3
822,51,False,1
822,127,False,2
822,145,True,3
823,46,False,1
823,127,False,2
823,240,True,3
824,68,False,1
824,14,False,2
824,140,True,3
825,68,False,1
825,14,False,2
825,140,True,3
826,68,False,1
826,119,False,2
826,140,True,3
827,50,False,1
827,84,False,2
827,198,True,3
828,50,False,1
828,84,False,2
828,198,True,3
829,238,False,1
829,144,False,2
829,27,True,3
830,238,False,1
830,144,False,2
830,27,True,3
831,218,False,1
831,50,False,2
831,171,True,3
832,218,False,1
832,80,False,2
832,171,True,3
833,173,False,1
833,75,False,2
833,33,True,3
834,173,False,1
834,75,False,2
834,33,True,3
835,237,False,1
835,155,True,3
836,173,False,1
836,172,True,3
837,243,False,1
837,85,False,2
837,18,True,3
838,243,False,1
838,49,False,2
838,18,True,3
839,243,False,1
839,49,False,2
839,18,True,3
840,247,False,1
840,82,False,2
840,171,True,3
841,247,False,1
841,82,False,2
841,55,True,3
842,247,False,1
842,82,False,2
842,47,True,3
843,245,False,1
843,61,False,2
843,8,True,3
844,245,False,1
844,61,False,2
844,8,True,3
845,241,False,1
846,33,False,1
846,239,True,3
847,33,False,1
847,239,True,3
848,155,False,1
848,9,False,2
848,103,True,3
849,244,False,1
849,57,False,2
849,101,True,3
850,18,False,1
850,73,False,2
850,49,True,3
851,18,False,1
851,73,False,2
851,49,True,3
852,7,False,1
852,101,True,3
853,7,False,1
853,101,True,3
854,133,False,1
854,130,True,3
855,133,False,1
855,130,True,3
856,131,False,1
856,107,False,2
856,156,True,3
857,131,False,1
857,107,False,2
857,156,True,3
858,131,False,1
858,107,False,2
858,156,True,3
859,158,False,1
859,119,False,2
859,124,True,3
860,158,False,1
860,119,False,2
860,124,True,3
861,158,False,1
861,119,False,2
861,124,True,3
862,120,False,1
862,62,False,2
862,128,True,3
863,4,False,1
863,181,False,2
863,252,True,3
864,133,False,1
864,253,True,3
865,80,False,1
865,113,True,3
866,77,False,1
866,251,False,2
866,115,True,3
867,254,False,1
868,175,False,1
868,165,True,3
869,175,False,1
869,165,True,3
870,4,False,1
870,128,True,3
871,31,False,1
871,226,True,3
872,19,False,1
872,246,True,3
873,19,False,1
873,246,True,3
874,249,False,1
875,248,False,1
876,39,False,1
876,28,False,2
876,227,True,3
877,258,False,1
878,125,False,1
878,134,True,3
879,125,False,1
879,134,True,3
880,10,False,1
880,55,False,2
880,146,True,3
881,10,False,1
881,9,False,2
881,202,True,3
882,11,False,1
882,173,False,2
882,146,True,3
883,11,False,1
883,115,False,2
883,202,True,3
884,135,False,1
884,134,False,2
884,242,True,3
885,29,False,1
885,151,False,2
885,130,True,3
886,29,False,1
886,151,False,2
886,130,True,3
887,29,False,1
887,151,False,2
887,130,True,3
888,234,False,1
889,235,False,1
890,46,False,1
891,39,False,1
892,260,False,1
893,102,False,1
894,262,False,1
895,263,False,1
896,264,False,1
897,265,False,1
898,127,False,1
899,22,False,1
899,119,False,2
899,157,True,3
900,68,False,1
900,125,False,2
900,80,True,3
901,62,False,1
901,171,False,2
901,127,True,3
902,155,False,1
902,91,False,2
902,104,True,3
903,46,False,1
903,143,True,3
904,38,False,1
904,33,False,2
904,22,True,3
905,56,False,1
905,126,True,3
906,65,False,1
906,168,True,3
907,65,False,1
907,168,True,3
908,65,False,1
908,168,True,3
909,66,False,1
909,109,True,3
910,66,False,1
910,109,True,3
911,66,False,1
911,109,True,3
912,67,False,1
912,153,True,3
913,67,False,1
913,153,True,3
914,67,False,1
914,153,True,3
915,165,False,1
915,82,False,2
915,47,True,3
916,268,False,1
916,82,False,2
916,47,True,3
917,15,False,1
917,198,True,3
918,15,False,1
918,198,True,3
919,68,False,1
919,110,True,3
920,68,False,1
920,110,True,3
921,9,False,1
921,30,False,2
921,89,True,3
922,10,False,1
922,30,False,2
922,89,True,3
923,10,False,1
923,30,False,2
923,89,True,3
924,50,False,1
924,53,False,2
924,20,True,3
925,132,False,1
925,167,False,2
925,101,True,3
926,20,False,1
926,103,True,3
927,273,False,1
927,165,True,3
928,48,False,1
928,139,True,3
929,48,False,1
929,139,True,3
930,269,False,1
930,139,True,3
931,22,False,1
931,55,False,2
931,62,True,3
932,272,False,1
932,5,False,2
932,29,True,3
933,272,False,1
933,5,False,2
933,29,True,3
934,272,False,1
934,5,False,2
934,29,True,3
935,18,False,1
935,49,True,3
936,18,False,1
936,133,True,3
937,18,False,1
937,133,True,3
938,20,False,1
938,9,False,2
938,6,True,3
939,280,False,1
939,9,False,2
939,6,True,3
940,277,False,1
940,10,False,2
940,172,True,3
941,277,False,1
941,10,False,2
941,172,True,3
942,22,False,1
942,50,False,2
942,198,True,3
943,22,False,1
943,275,False,2
943,198,True,3
944,84,False,1
944,124,False,2
944,158,True,3
945,84,False,1
945,143,False,2
945,158,True,3
946,274,False,1
946,151,True,3
947,274,False,1
947,151,True,3
948,298,False,1
948,298,True,3
949,298,False,1
949,298,True,3
950,271,False,1
950,75,False,2
950,144,True,3
951,34,False,1
951,15,False,2
951,103,True,3
952,34,False,1
952,15,False,2
952,141,True,3
953,14,False,1
953,61,True,3
954,28,False,1
954,140,True,3
955,107,False,1
955,119,False,2
955,3,True,3
956,290,False,1
956,119,False,2
956,3,True,3
957,104,False,1
957,20,False,2
957,124,True,3
958,104,False,1
958,20,False,2
958,124,True,3
959,104,False,1
959,20,False,2
959,124,True,3
960,183,False,1
960,155,False,2
960,8,True,3
961,183,False,1
961,155,False,2
961,8,True,3
962,145,False,1
962,51,False,2
962,276,True,3
963,41,False,1
963,41,True,3
964,278,False,1
964,278,True,3
965,142,False,1
965,112,True,3
966,142,False,1
966,111,True,3
967,61,False,1
967,144,True,3
968,297,False,1
968,8,True,3
969,295,False,1
969,212,True,3
970,295,False,1
970,212,True,3
971,53,False,1
971,218,True,3
972,146,False,1
972,218,True,3
973,113,False,1
973,77,False,2
973,294,True,3
974,47,False,1
974,81,False,2
974,125,True,3
975,47,False,1
975,202,False,2
975,125,True,3
976,104,False,1
976,292,True,3
977,109,False,1
977,12,False,2
977,41,True,3
978,279,False,1
978,114,True,3
979,72,False,1
979,39,False,2
979,128,True,3
980,38,False,1
980,11,False,2
980,109,True,3
981,291,False,1
981,296,False,2
981,157,True,3
982,32,False,1
982,50,False,2
982,155,True,3
983,128,False,1
983,293,False,2
983,46,True,3
984,281,False,1
984,281,True,3
985,281,False,1
985,281,True,3
986,281,False,1
986,281,True,3
987,281,False,1
987,281,True,3
988,281,False,1
988,281,True,3
989,281,False,1
989,281,True,3
990,282,False,1
990,282,True,3
991,282,False,1
991,282,True,3
992,282,False,1
992,282,True,3
993,282,False,1
993,282,True,3
994,282,False,1
994,282,True,3
995,282,False,1
995,282,True,3
996,270,False,1
996,115,True,3
997,270,False,1
997,115,True,3
998,270,False,1
998,115,True,3
999,155,False,1
999,155,True,3
1000,283,False,1
1000,283,True,3
1001,286,False,1
1001,286,True,3
1002,285,False,1
1002,285,True,3
1003,284,False,1
1003,284,True,3
1004,287,False,1
1004,287,True,3
1005,281,False,1
1005,281,True,3
1006,282,False,1
1006,282,True,3
1007,288,False,1
1007,288,True,3
